"[DEVICE] Covers, Cases & Screen Protectors"
"[DEVICE] Covers, Cases & Accessories"
"[DEVICE] Covers, Cases & Cover"
"[DEVICE] Covers, Cases & Case"
"[DEVICE] Covers, Cases & Screen Protector"
"[DEVICE] Covers, Cases & Protection"
"[DEVICE] Covers, Cases & Accessory"
"[DEVICE] Covers, Screen Protectors & Cases"
"[DEVICE] Covers, Screen Protectors & Accessories"
"[DEVICE] Covers, Screen Protectors & Cover"
"[DEVICE] Covers, Screen Protectors & Case"
"[DEVICE] Covers, Screen Protectors & Screen Protector"
"[DEVICE] Covers, Screen Protectors & Protection"
"[DEVICE] Covers, Screen Protectors & Accessory"
"[DEVICE] Covers, Accessories & Cases"
"[DEVICE] Covers, Accessories & Screen Protectors"
"[DEVICE] Covers, Accessories & Cover"
"[DEVICE] Covers, Accessories & Case"
"[DEVICE] Covers, Accessories & Screen Protector"
"[DEVICE] Covers, Accessories & Protection"
"[DEVICE] Covers, Accessories & Accessory"
"[DEVICE] Covers, Cover & Cases"
"[DEVICE] Covers, Cover & Screen Protectors"
"[DEVICE] Covers, Cover & Accessories"
"[DEVICE] Covers, Cover & Case"
"[DEVICE] Covers, Cover & Screen Protector"
"[DEVICE] Covers, Cover & Protection"
"[DEVICE] Covers, Cover & Accessory"
"[DEVICE] Covers, Case & Cases"
"[DEVICE] Covers, Case & Screen Protectors"
"[DEVICE] Covers, Case & Accessories"
"[DEVICE] Covers, Case & Cover"
"[DEVICE] Covers, Case & Screen Protector"
"[DEVICE] Covers, Case & Protection"
"[DEVICE] Covers, Case & Accessory"
"[DEVICE] Covers, Screen Protector & Cases"
"[DEVICE] Covers, Screen Protector & Screen Protectors"
"[DEVICE] Covers, Screen Protector & Accessories"
"[DEVICE] Covers, Screen Protector & Cover"
"[DEVICE] Covers, Screen Protector & Case"
"[DEVICE] Covers, Screen Protector & Protection"
"[DEVICE] Covers, Screen Protector & Accessory"
"[DEVICE] Covers, Protection & Cases"
"[DEVICE] Covers, Protection & Screen Protectors"
"[DEVICE] Covers, Protection & Accessories"
"[DEVICE] Covers, Protection & Cover"
"[DEVICE] Covers, Protection & Case"
"[DEVICE] Covers, Protection & Screen Protector"
"[DEVICE] Covers, Protection & Accessory"
"[DEVICE] Covers, Accessory & Cases"
"[DEVICE] Covers, Accessory & Screen Protectors"
"[DEVICE] Covers, Accessory & Accessories"
"[DEVICE] Covers, Accessory & Cover"
"[DEVICE] Covers, Accessory & Case"
"[DEVICE] Covers, Accessory & Screen Protector"
"[DEVICE] Covers, Accessory & Protection"
"[DEVICE] Cases, Covers & Screen Protectors"
"[DEVICE] Cases, Covers & Accessories"
"[DEVICE] Cases, Covers & Cover"
"[DEVICE] Cases, Covers & Case"
"[DEVICE] Cases, Covers & Screen Protector"
"[DEVICE] Cases, Covers & Protection"
"[DEVICE] Cases, Covers & Accessory"
"[DEVICE] Cases, Screen Protectors & Covers"
"[DEVICE] Cases, Screen Protectors & Accessories"
"[DEVICE] Cases, Screen Protectors & Cover"
"[DEVICE] Cases, Screen Protectors & Case"
"[DEVICE] Cases, Screen Protectors & Screen Protector"
"[DEVICE] Cases, Screen Protectors & Protection"
"[DEVICE] Cases, Screen Protectors & Accessory"
"[DEVICE] Cases, Accessories & Covers"
"[DEVICE] Cases, Accessories & Screen Protectors"
"[DEVICE] Cases, Accessories & Cover"
"[DEVICE] Cases, Accessories & Case"
"[DEVICE] Cases, Accessories & Screen Protector"
"[DEVICE] Cases, Accessories & Protection"
"[DEVICE] Cases, Accessories & Accessory"
"[DEVICE] Cases, Cover & Covers"
"[DEVICE] Cases, Cover & Screen Protectors"
"[DEVICE] Cases, Cover & Accessories"
"[DEVICE] Cases, Cover & Case"
"[DEVICE] Cases, Cover & Screen Protector"
"[DEVICE] Cases, Cover & Protection"
"[DEVICE] Cases, Cover & Accessory"
"[DEVICE] Cases, Case & Covers"
"[DEVICE] Cases, Case & Screen Protectors"
"[DEVICE] Cases, Case & Accessories"
"[DEVICE] Cases, Case & Cover"
"[DEVICE] Cases, Case & Screen Protector"
"[DEVICE] Cases, Case & Protection"
"[DEVICE] Cases, Case & Accessory"
"[DEVICE] Cases, Screen Protector & Covers"
"[DEVICE] Cases, Screen Protector & Screen Protectors"
"[DEVICE] Cases, Screen Protector & Accessories"
"[DEVICE] Cases, Screen Protector & Cover"
"[DEVICE] Cases, Screen Protector & Case"
"[DEVICE] Cases, Screen Protector & Protection"
"[DEVICE] Cases, Screen Protector & Accessory"
"[DEVICE] Cases, Protection & Covers"
"[DEVICE] Cases, Protection & Screen Protectors"
"[DEVICE] Cases, Protection & Accessories"
"[DEVICE] Cases, Protection & Cover"
"[DEVICE] Cases, Protection & Case"
"[DEVICE] Cases, Protection & Screen Protector"
"[DEVICE] Cases, Protection & Accessory"
"[DEVICE] Cases, Accessory & Covers"
"[DEVICE] Cases, Accessory & Screen Protectors"
"[DEVICE] Cases, Accessory & Accessories"
"[DEVICE] Cases, Accessory & Cover"
"[DEVICE] Cases, Accessory & Case"
"[DEVICE] Cases, Accessory & Screen Protector"
"[DEVICE] Cases, Accessory & Protection"
"[DEVICE] Screen Protectors, Covers & Cases"
"[DEVICE] Screen Protectors, Covers & Accessories"
"[DEVICE] Screen Protectors, Covers & Cover"
"[DEVICE] Screen Protectors, Covers & Case"
"[DEVICE] Screen Protectors, Covers & Screen Protector"
"[DEVICE] Screen Protectors, Covers & Protection"
"[DEVICE] Screen Protectors, Covers & Accessory"
"[DEVICE] Screen Protectors, Cases & Covers"
"[DEVICE] Screen Protectors, Cases & Accessories"
"[DEVICE] Screen Protectors, Cases & Cover"
"[DEVICE] Screen Protectors, Cases & Case"
"[DEVICE] Screen Protectors, Cases & Screen Protector"
"[DEVICE] Screen Protectors, Cases & Protection"
"[DEVICE] Screen Protectors, Cases & Accessory"
"[DEVICE] Screen Protectors, Accessories & Covers"
"[DEVICE] Screen Protectors, Accessories & Cases"
"[DEVICE] Screen Protectors, Accessories & Cover"
"[DEVICE] Screen Protectors, Accessories & Case"
"[DEVICE] Screen Protectors, Accessories & Screen Protector"
"[DEVICE] Screen Protectors, Accessories & Protection"
"[DEVICE] Screen Protectors, Accessories & Accessory"
"[DEVICE] Screen Protectors, Cover & Covers"
"[DEVICE] Screen Protectors, Cover & Cases"
"[DEVICE] Screen Protectors, Cover & Accessories"
"[DEVICE] Screen Protectors, Cover & Case"
"[DEVICE] Screen Protectors, Cover & Screen Protector"
"[DEVICE] Screen Protectors, Cover & Protection"
"[DEVICE] Screen Protectors, Cover & Accessory"
"[DEVICE] Screen Protectors, Case & Covers"
"[DEVICE] Screen Protectors, Case & Cases"
"[DEVICE] Screen Protectors, Case & Accessories"
"[DEVICE] Screen Protectors, Case & Cover"
"[DEVICE] Screen Protectors, Case & Screen Protector"
"[DEVICE] Screen Protectors, Case & Protection"
"[DEVICE] Screen Protectors, Case & Accessory"
"[DEVICE] Screen Protectors, Screen Protector & Covers"
"[DEVICE] Screen Protectors, Screen Protector & Cases"
"[DEVICE] Screen Protectors, Screen Protector & Accessories"
"[DEVICE] Screen Protectors, Screen Protector & Cover"
"[DEVICE] Screen Protectors, Screen Protector & Case"
"[DEVICE] Screen Protectors, Screen Protector & Protection"
"[DEVICE] Screen Protectors, Screen Protector & Accessory"
"[DEVICE] Screen Protectors, Protection & Covers"
"[DEVICE] Screen Protectors, Protection & Cases"
"[DEVICE] Screen Protectors, Protection & Accessories"
"[DEVICE] Screen Protectors, Protection & Cover"
"[DEVICE] Screen Protectors, Protection & Case"
"[DEVICE] Screen Protectors, Protection & Screen Protector"
"[DEVICE] Screen Protectors, Protection & Accessory"
"[DEVICE] Screen Protectors, Accessory & Covers"
"[DEVICE] Screen Protectors, Accessory & Cases"
"[DEVICE] Screen Protectors, Accessory & Accessories"
"[DEVICE] Screen Protectors, Accessory & Cover"
"[DEVICE] Screen Protectors, Accessory & Case"
"[DEVICE] Screen Protectors, Accessory & Screen Protector"
"[DEVICE] Screen Protectors, Accessory & Protection"
"[DEVICE] Accessories, Covers & Cases"
"[DEVICE] Accessories, Covers & Screen Protectors"
"[DEVICE] Accessories, Covers & Cover"
"[DEVICE] Accessories, Covers & Case"
"[DEVICE] Accessories, Covers & Screen Protector"
"[DEVICE] Accessories, Covers & Protection"
"[DEVICE] Accessories, Covers & Accessory"
"[DEVICE] Accessories, Cases & Covers"
"[DEVICE] Accessories, Cases & Screen Protectors"
"[DEVICE] Accessories, Cases & Cover"
"[DEVICE] Accessories, Cases & Case"
"[DEVICE] Accessories, Cases & Screen Protector"
"[DEVICE] Accessories, Cases & Protection"
"[DEVICE] Accessories, Cases & Accessory"
"[DEVICE] Accessories, Screen Protectors & Covers"
"[DEVICE] Accessories, Screen Protectors & Cases"
"[DEVICE] Accessories, Screen Protectors & Cover"
"[DEVICE] Accessories, Screen Protectors & Case"
"[DEVICE] Accessories, Screen Protectors & Screen Protector"
"[DEVICE] Accessories, Screen Protectors & Protection"
"[DEVICE] Accessories, Screen Protectors & Accessory"
"[DEVICE] Accessories, Cover & Covers"
"[DEVICE] Accessories, Cover & Cases"
"[DEVICE] Accessories, Cover & Screen Protectors"
"[DEVICE] Accessories, Cover & Case"
"[DEVICE] Accessories, Cover & Screen Protector"
"[DEVICE] Accessories, Cover & Protection"
"[DEVICE] Accessories, Cover & Accessory"
"[DEVICE] Accessories, Case & Covers"
"[DEVICE] Accessories, Case & Cases"
"[DEVICE] Accessories, Case & Screen Protectors"
"[DEVICE] Accessories, Case & Cover"
"[DEVICE] Accessories, Case & Screen Protector"
"[DEVICE] Accessories, Case & Protection"
"[DEVICE] Accessories, Case & Accessory"
"[DEVICE] Accessories, Screen Protector & Covers"
"[DEVICE] Accessories, Screen Protector & Cases"
"[DEVICE] Accessories, Screen Protector & Screen Protectors"
"[DEVICE] Accessories, Screen Protector & Cover"
"[DEVICE] Accessories, Screen Protector & Case"
"[DEVICE] Accessories, Screen Protector & Protection"
"[DEVICE] Accessories, Screen Protector & Accessory"
"[DEVICE] Accessories, Protection & Covers"
"[DEVICE] Accessories, Protection & Cases"
"[DEVICE] Accessories, Protection & Screen Protectors"
"[DEVICE] Accessories, Protection & Cover"
"[DEVICE] Accessories, Protection & Case"
"[DEVICE] Accessories, Protection & Screen Protector"
"[DEVICE] Accessories, Protection & Accessory"
"[DEVICE] Accessories, Accessory & Covers"
"[DEVICE] Accessories, Accessory & Cases"
"[DEVICE] Accessories, Accessory & Screen Protectors"
"[DEVICE] Accessories, Accessory & Cover"
"[DEVICE] Accessories, Accessory & Case"
"[DEVICE] Accessories, Accessory & Screen Protector"
"[DEVICE] Accessories, Accessory & Protection"
"[DEVICE] Cover, Covers & Cases"
"[DEVICE] Cover, Covers & Screen Protectors"
"[DEVICE] Cover, Covers & Accessories"
"[DEVICE] Cover, Covers & Case"
"[DEVICE] Cover, Covers & Screen Protector"
"[DEVICE] Cover, Covers & Protection"
"[DEVICE] Cover, Covers & Accessory"
"[DEVICE] Cover, Cases & Covers"
"[DEVICE] Cover, Cases & Screen Protectors"
"[DEVICE] Cover, Cases & Accessories"
"[DEVICE] Cover, Cases & Case"
"[DEVICE] Cover, Cases & Screen Protector"
"[DEVICE] Cover, Cases & Protection"
"[DEVICE] Cover, Cases & Accessory"
"[DEVICE] Cover, Screen Protectors & Covers"
"[DEVICE] Cover, Screen Protectors & Cases"
"[DEVICE] Cover, Screen Protectors & Accessories"
"[DEVICE] Cover, Screen Protectors & Case"
"[DEVICE] Cover, Screen Protectors & Screen Protector"
"[DEVICE] Cover, Screen Protectors & Protection"
"[DEVICE] Cover, Screen Protectors & Accessory"
"[DEVICE] Cover, Accessories & Covers"
"[DEVICE] Cover, Accessories & Cases"
"[DEVICE] Cover, Accessories & Screen Protectors"
"[DEVICE] Cover, Accessories & Case"
"[DEVICE] Cover, Accessories & Screen Protector"
"[DEVICE] Cover, Accessories & Protection"
"[DEVICE] Cover, Accessories & Accessory"
"[DEVICE] Cover, Case & Covers"
"[DEVICE] Cover, Case & Cases"
"[DEVICE] Cover, Case & Screen Protectors"
"[DEVICE] Cover, Case & Accessories"
"[DEVICE] Cover, Case & Screen Protector"
"[DEVICE] Cover, Case & Protection"
"[DEVICE] Cover, Case & Accessory"
"[DEVICE] Cover, Screen Protector & Covers"
"[DEVICE] Cover, Screen Protector & Cases"
"[DEVICE] Cover, Screen Protector & Screen Protectors"
"[DEVICE] Cover, Screen Protector & Accessories"
"[DEVICE] Cover, Screen Protector & Case"
"[DEVICE] Cover, Screen Protector & Protection"
"[DEVICE] Cover, Screen Protector & Accessory"
"[DEVICE] Cover, Protection & Covers"
"[DEVICE] Cover, Protection & Cases"
"[DEVICE] Cover, Protection & Screen Protectors"
"[DEVICE] Cover, Protection & Accessories"
"[DEVICE] Cover, Protection & Case"
"[DEVICE] Cover, Protection & Screen Protector"
"[DEVICE] Cover, Protection & Accessory"
"[DEVICE] Cover, Accessory & Covers"
"[DEVICE] Cover, Accessory & Cases"
"[DEVICE] Cover, Accessory & Screen Protectors"
"[DEVICE] Cover, Accessory & Accessories"
"[DEVICE] Cover, Accessory & Case"
"[DEVICE] Cover, Accessory & Screen Protector"
"[DEVICE] Cover, Accessory & Protection"
"[DEVICE] Case, Covers & Cases"
"[DEVICE] Case, Covers & Screen Protectors"
"[DEVICE] Case, Covers & Accessories"
"[DEVICE] Case, Covers & Cover"
"[DEVICE] Case, Covers & Screen Protector"
"[DEVICE] Case, Covers & Protection"
"[DEVICE] Case, Covers & Accessory"
"[DEVICE] Case, Cases & Covers"
"[DEVICE] Case, Cases & Screen Protectors"
"[DEVICE] Case, Cases & Accessories"
"[DEVICE] Case, Cases & Cover"
"[DEVICE] Case, Cases & Screen Protector"
"[DEVICE] Case, Cases & Protection"
"[DEVICE] Case, Cases & Accessory"
"[DEVICE] Case, Screen Protectors & Covers"
"[DEVICE] Case, Screen Protectors & Cases"
"[DEVICE] Case, Screen Protectors & Accessories"
"[DEVICE] Case, Screen Protectors & Cover"
"[DEVICE] Case, Screen Protectors & Screen Protector"
"[DEVICE] Case, Screen Protectors & Protection"
"[DEVICE] Case, Screen Protectors & Accessory"
"[DEVICE] Case, Accessories & Covers"
"[DEVICE] Case, Accessories & Cases"
"[DEVICE] Case, Accessories & Screen Protectors"
"[DEVICE] Case, Accessories & Cover"
"[DEVICE] Case, Accessories & Screen Protector"
"[DEVICE] Case, Accessories & Protection"
"[DEVICE] Case, Accessories & Accessory"
"[DEVICE] Case, Cover & Covers"
"[DEVICE] Case, Cover & Cases"
"[DEVICE] Case, Cover & Screen Protectors"
"[DEVICE] Case, Cover & Accessories"
"[DEVICE] Case, Cover & Screen Protector"
"[DEVICE] Case, Cover & Protection"
"[DEVICE] Case, Cover & Accessory"
"[DEVICE] Case, Screen Protector & Covers"
"[DEVICE] Case, Screen Protector & Cases"
"[DEVICE] Case, Screen Protector & Screen Protectors"
"[DEVICE] Case, Screen Protector & Accessories"
"[DEVICE] Case, Screen Protector & Cover"
"[DEVICE] Case, Screen Protector & Protection"
"[DEVICE] Case, Screen Protector & Accessory"
"[DEVICE] Case, Protection & Covers"
"[DEVICE] Case, Protection & Cases"
"[DEVICE] Case, Protection & Screen Protectors"
"[DEVICE] Case, Protection & Accessories"
"[DEVICE] Case, Protection & Cover"
"[DEVICE] Case, Protection & Screen Protector"
"[DEVICE] Case, Protection & Accessory"
"[DEVICE] Case, Accessory & Covers"
"[DEVICE] Case, Accessory & Cases"
"[DEVICE] Case, Accessory & Screen Protectors"
"[DEVICE] Case, Accessory & Accessories"
"[DEVICE] Case, Accessory & Cover"
"[DEVICE] Case, Accessory & Screen Protector"
"[DEVICE] Case, Accessory & Protection"
"[DEVICE] Screen Protector, Covers & Cases"
"[DEVICE] Screen Protector, Covers & Screen Protectors"
"[DEVICE] Screen Protector, Covers & Accessories"
"[DEVICE] Screen Protector, Covers & Cover"
"[DEVICE] Screen Protector, Covers & Case"
"[DEVICE] Screen Protector, Covers & Protection"
"[DEVICE] Screen Protector, Covers & Accessory"
"[DEVICE] Screen Protector, Cases & Covers"
"[DEVICE] Screen Protector, Cases & Screen Protectors"
"[DEVICE] Screen Protector, Cases & Accessories"
"[DEVICE] Screen Protector, Cases & Cover"
"[DEVICE] Screen Protector, Cases & Case"
"[DEVICE] Screen Protector, Cases & Protection"
"[DEVICE] Screen Protector, Cases & Accessory"
"[DEVICE] Screen Protector, Screen Protectors & Covers"
"[DEVICE] Screen Protector, Screen Protectors & Cases"
"[DEVICE] Screen Protector, Screen Protectors & Accessories"
"[DEVICE] Screen Protector, Screen Protectors & Cover"
"[DEVICE] Screen Protector, Screen Protectors & Case"
"[DEVICE] Screen Protector, Screen Protectors & Protection"
"[DEVICE] Screen Protector, Screen Protectors & Accessory"
"[DEVICE] Screen Protector, Accessories & Covers"
"[DEVICE] Screen Protector, Accessories & Cases"
"[DEVICE] Screen Protector, Accessories & Screen Protectors"
"[DEVICE] Screen Protector, Accessories & Cover"
"[DEVICE] Screen Protector, Accessories & Case"
"[DEVICE] Screen Protector, Accessories & Protection"
"[DEVICE] Screen Protector, Accessories & Accessory"
"[DEVICE] Screen Protector, Cover & Covers"
"[DEVICE] Screen Protector, Cover & Cases"
"[DEVICE] Screen Protector, Cover & Screen Protectors"
"[DEVICE] Screen Protector, Cover & Accessories"
"[DEVICE] Screen Protector, Cover & Case"
"[DEVICE] Screen Protector, Cover & Protection"
"[DEVICE] Screen Protector, Cover & Accessory"
"[DEVICE] Screen Protector, Case & Covers"
"[DEVICE] Screen Protector, Case & Cases"
"[DEVICE] Screen Protector, Case & Screen Protectors"
"[DEVICE] Screen Protector, Case & Accessories"
"[DEVICE] Screen Protector, Case & Cover"
"[DEVICE] Screen Protector, Case & Protection"
"[DEVICE] Screen Protector, Case & Accessory"
"[DEVICE] Screen Protector, Protection & Covers"
"[DEVICE] Screen Protector, Protection & Cases"
"[DEVICE] Screen Protector, Protection & Screen Protectors"
"[DEVICE] Screen Protector, Protection & Accessories"
"[DEVICE] Screen Protector, Protection & Cover"
"[DEVICE] Screen Protector, Protection & Case"
"[DEVICE] Screen Protector, Protection & Accessory"
"[DEVICE] Screen Protector, Accessory & Covers"
"[DEVICE] Screen Protector, Accessory & Cases"
"[DEVICE] Screen Protector, Accessory & Screen Protectors"
"[DEVICE] Screen Protector, Accessory & Accessories"
"[DEVICE] Screen Protector, Accessory & Cover"
"[DEVICE] Screen Protector, Accessory & Case"
"[DEVICE] Screen Protector, Accessory & Protection"
"[DEVICE] Protection, Covers & Cases"
"[DEVICE] Protection, Covers & Screen Protectors"
"[DEVICE] Protection, Covers & Accessories"
"[DEVICE] Protection, Covers & Cover"
"[DEVICE] Protection, Covers & Case"
"[DEVICE] Protection, Covers & Screen Protector"
"[DEVICE] Protection, Covers & Accessory"
"[DEVICE] Protection, Cases & Covers"
"[DEVICE] Protection, Cases & Screen Protectors"
"[DEVICE] Protection, Cases & Accessories"
"[DEVICE] Protection, Cases & Cover"
"[DEVICE] Protection, Cases & Case"
"[DEVICE] Protection, Cases & Screen Protector"
"[DEVICE] Protection, Cases & Accessory"
"[DEVICE] Protection, Screen Protectors & Covers"
"[DEVICE] Protection, Screen Protectors & Cases"
"[DEVICE] Protection, Screen Protectors & Accessories"
"[DEVICE] Protection, Screen Protectors & Cover"
"[DEVICE] Protection, Screen Protectors & Case"
"[DEVICE] Protection, Screen Protectors & Screen Protector"
"[DEVICE] Protection, Screen Protectors & Accessory"
"[DEVICE] Protection, Accessories & Covers"
"[DEVICE] Protection, Accessories & Cases"
"[DEVICE] Protection, Accessories & Screen Protectors"
"[DEVICE] Protection, Accessories & Cover"
"[DEVICE] Protection, Accessories & Case"
"[DEVICE] Protection, Accessories & Screen Protector"
"[DEVICE] Protection, Accessories & Accessory"
"[DEVICE] Protection, Cover & Covers"
"[DEVICE] Protection, Cover & Cases"
"[DEVICE] Protection, Cover & Screen Protectors"
"[DEVICE] Protection, Cover & Accessories"
"[DEVICE] Protection, Cover & Case"
"[DEVICE] Protection, Cover & Screen Protector"
"[DEVICE] Protection, Cover & Accessory"
"[DEVICE] Protection, Case & Covers"
"[DEVICE] Protection, Case & Cases"
"[DEVICE] Protection, Case & Screen Protectors"
"[DEVICE] Protection, Case & Accessories"
"[DEVICE] Protection, Case & Cover"
"[DEVICE] Protection, Case & Screen Protector"
"[DEVICE] Protection, Case & Accessory"
"[DEVICE] Protection, Screen Protector & Covers"
"[DEVICE] Protection, Screen Protector & Cases"
"[DEVICE] Protection, Screen Protector & Screen Protectors"
"[DEVICE] Protection, Screen Protector & Accessories"
"[DEVICE] Protection, Screen Protector & Cover"
"[DEVICE] Protection, Screen Protector & Case"
"[DEVICE] Protection, Screen Protector & Accessory"
"[DEVICE] Protection, Accessory & Covers"
"[DEVICE] Protection, Accessory & Cases"
"[DEVICE] Protection, Accessory & Screen Protectors"
"[DEVICE] Protection, Accessory & Accessories"
"[DEVICE] Protection, Accessory & Cover"
"[DEVICE] Protection, Accessory & Case"
"[DEVICE] Protection, Accessory & Screen Protector"
"[DEVICE] Accessory, Covers & Cases"
"[DEVICE] Accessory, Covers & Screen Protectors"
"[DEVICE] Accessory, Covers & Accessories"
"[DEVICE] Accessory, Covers & Cover"
"[DEVICE] Accessory, Covers & Case"
"[DEVICE] Accessory, Covers & Screen Protector"
"[DEVICE] Accessory, Covers & Protection"
"[DEVICE] Accessory, Cases & Covers"
"[DEVICE] Accessory, Cases & Screen Protectors"
"[DEVICE] Accessory, Cases & Accessories"
"[DEVICE] Accessory, Cases & Cover"
"[DEVICE] Accessory, Cases & Case"
"[DEVICE] Accessory, Cases & Screen Protector"
"[DEVICE] Accessory, Cases & Protection"
"[DEVICE] Accessory, Screen Protectors & Covers"
"[DEVICE] Accessory, Screen Protectors & Cases"
"[DEVICE] Accessory, Screen Protectors & Accessories"
"[DEVICE] Accessory, Screen Protectors & Cover"
"[DEVICE] Accessory, Screen Protectors & Case"
"[DEVICE] Accessory, Screen Protectors & Screen Protector"
"[DEVICE] Accessory, Screen Protectors & Protection"
"[DEVICE] Accessory, Accessories & Covers"
"[DEVICE] Accessory, Accessories & Cases"
"[DEVICE] Accessory, Accessories & Screen Protectors"
"[DEVICE] Accessory, Accessories & Cover"
"[DEVICE] Accessory, Accessories & Case"
"[DEVICE] Accessory, Accessories & Screen Protector"
"[DEVICE] Accessory, Accessories & Protection"
"[DEVICE] Accessory, Cover & Covers"
"[DEVICE] Accessory, Cover & Cases"
"[DEVICE] Accessory, Cover & Screen Protectors"
"[DEVICE] Accessory, Cover & Accessories"
"[DEVICE] Accessory, Cover & Case"
"[DEVICE] Accessory, Cover & Screen Protector"
"[DEVICE] Accessory, Cover & Protection"
"[DEVICE] Accessory, Case & Covers"
"[DEVICE] Accessory, Case & Cases"
"[DEVICE] Accessory, Case & Screen Protectors"
"[DEVICE] Accessory, Case & Accessories"
"[DEVICE] Accessory, Case & Cover"
"[DEVICE] Accessory, Case & Screen Protector"
"[DEVICE] Accessory, Case & Protection"
"[DEVICE] Accessory, Screen Protector & Covers"
"[DEVICE] Accessory, Screen Protector & Cases"
"[DEVICE] Accessory, Screen Protector & Screen Protectors"
"[DEVICE] Accessory, Screen Protector & Accessories"
"[DEVICE] Accessory, Screen Protector & Cover"
"[DEVICE] Accessory, Screen Protector & Case"
"[DEVICE] Accessory, Screen Protector & Protection"
"[DEVICE] Accessory, Protection & Covers"
"[DEVICE] Accessory, Protection & Cases"
"[DEVICE] Accessory, Protection & Screen Protectors"
"[DEVICE] Accessory, Protection & Accessories"
"[DEVICE] Accessory, Protection & Cover"
"[DEVICE] Accessory, Protection & Case"
"[DEVICE] Accessory, Protection & Screen Protector"
